-- --------------------------------------------------------
-- Host:                         server.winsys.lv
-- Server version:               5.7.42-0ubuntu0.18.04.1 - (Ubuntu)
-- Server OS:                    Linux
-- HeidiSQL Version:             12.16.0.7229
-- --------------------------------------------------------

/*!40101 SET @OLD_CHARACTER_SET_CLIENT=@@CHARACTER_SET_CLIENT */;
/*!40101 SET NAMES utf8 */;
/*!50503 SET NAMES utf8mb4 */;
/*!40103 SET @OLD_TIME_ZONE=@@TIME_ZONE */;
/*!40103 SET TIME_ZONE='+00:00' */;
/*!40014 SET @OLD_FOREIGN_KEY_CHECKS=@@FOREIGN_KEY_CHECKS, FOREIGN_KEY_CHECKS=0 */;
/*!40101 SET @OLD_SQL_MODE=@@SQL_MODE, SQL_MODE='NO_AUTO_VALUE_ON_ZERO' */;
/*!40111 SET @OLD_SQL_NOTES=@@SQL_NOTES, SQL_NOTES=0 */;

-- Dumping data for table songs.bible_books: ~197 rows (approximately)
INSERT INTO `bible_books` (`ID`, `TRANSLATION_ID`, `BOOK_NUM`, `NAME`, `NAME_LT`, `NAME_EN`) VALUES
	(1, 1, 1, 'Бытие', NULL, 'Genesis'),
	(2, 1, 2, 'Исход', NULL, 'Exodus'),
	(3, 1, 3, 'Левит', NULL, 'Leviticus'),
	(4, 1, 4, 'Числа', NULL, 'Numbers'),
	(5, 1, 5, 'Второзаконие', NULL, 'Deuteronomy'),
	(6, 1, 6, 'Иисуса Навина', NULL, 'Joshua'),
	(7, 1, 7, 'Судей', NULL, 'Judges'),
	(8, 1, 8, 'Руфь', NULL, 'Ruth'),
	(9, 1, 9, '1 Царств', NULL, '1 Samuel'),
	(10, 1, 10, '2 Царств', NULL, '2 Samuel'),
	(11, 1, 11, '3 Царств', NULL, '1 Kings'),
	(12, 1, 12, '4 Царств', NULL, '2 Kings'),
	(13, 1, 13, '1 Паралипоменон', NULL, '1 Chronicles'),
	(14, 1, 14, '2 Паралипоменон', NULL, '2 Chronicles'),
	(15, 1, 15, 'Ездры', NULL, 'Ezra'),
	(16, 1, 16, 'Неемии', NULL, 'Nehemiah'),
	(17, 1, 17, 'Есфирь', NULL, 'Esther'),
	(18, 1, 18, 'Иов', NULL, 'Job'),
	(19, 1, 19, 'Псалтирь', NULL, 'Psalms'),
	(20, 1, 20, 'Притчи Соломона', NULL, 'Proverbs'),
	(21, 1, 21, 'Екклесиаст', NULL, 'Ecclesiastes'),
	(22, 1, 22, 'Песни Песней', NULL, 'Song of Solomon'),
	(23, 1, 23, 'Исаии', NULL, 'Isaiah'),
	(24, 1, 24, 'Иеремии', NULL, 'Jeremiah'),
	(25, 1, 25, 'Плачь Иеремии', NULL, 'Lamentations'),
	(26, 1, 26, 'Иезекиля', NULL, 'Ezekiel'),
	(27, 1, 27, 'Даниила', NULL, 'Daniel'),
	(28, 1, 28, 'Осии', NULL, 'Hosea'),
	(29, 1, 29, 'Иоиля', NULL, 'Joel'),
	(30, 1, 30, 'Амоса', NULL, 'Amos'),
	(31, 1, 31, 'Авдия', NULL, 'Obadiah'),
	(32, 1, 32, 'Иона', NULL, 'Jonah'),
	(33, 1, 33, 'Михея', NULL, 'Micah'),
	(34, 1, 34, 'Наума', NULL, 'Nahum'),
	(35, 1, 35, 'Аввакума', NULL, 'Habakkuk'),
	(36, 1, 36, 'Софонии', NULL, 'Zephaniah'),
	(37, 1, 37, 'Аггея', NULL, 'Haggai'),
	(38, 1, 38, 'Захарии', NULL, 'Zechariah'),
	(39, 1, 39, 'Малахии', NULL, 'Malachi'),
	(40, 1, 40, 'От Матфея', NULL, 'Matthew'),
	(41, 1, 41, 'От Марка', NULL, 'Mark'),
	(42, 1, 42, 'От Луки', NULL, 'Luke'),
	(43, 1, 43, 'От Иоанна', NULL, 'John'),
	(44, 1, 44, 'Деяния', NULL, 'Acts'),
	(45, 1, 45, 'Иакова', NULL, 'James'),
	(46, 1, 46, '1 Петра', NULL, '1 Peter'),
	(47, 1, 47, '2 Петра', NULL, '2 Peter'),
	(48, 1, 48, '1 Иоанна', NULL, '1 John'),
	(49, 1, 49, '2 Иоанна', NULL, '2 John'),
	(50, 1, 50, '3 Иоанна', NULL, '3 John'),
	(51, 1, 51, 'Иуды', NULL, 'Jude'),
	(52, 1, 52, 'К Римлянам', NULL, 'Romans'),
	(53, 1, 53, '1 Коринфянам', NULL, '1 Corinthians'),
	(54, 1, 54, '2 Коринфянам', NULL, '2 Corinthians'),
	(55, 1, 55, 'Галатам', NULL, 'Galatians'),
	(56, 1, 56, 'Ефесянам', NULL, 'Ephesians'),
	(57, 1, 57, 'Филиппийцам', NULL, 'Philippians'),
	(58, 1, 58, 'Колосянам', NULL, 'Colossians'),
	(59, 1, 59, '1 Фессалоникийцам', NULL, '1 Thessalonians'),
	(60, 1, 60, '2 Фессалоникийцам', NULL, '2 Thessalonians'),
	(61, 1, 61, '1 Тимофею', NULL, '1 Timothy'),
	(62, 1, 62, '2 Тимофею', NULL, '2 Timothy'),
	(63, 1, 63, 'Титу', NULL, 'Titus'),
	(64, 1, 64, 'Филимону', NULL, 'Philemon'),
	(65, 1, 65, 'Евреям', NULL, 'Hebrews'),
	(66, 1, 66, 'Откровение', NULL, 'Revelation'),
	(67, 2, 1, 'Первая Книга Моисея, Называемая «Генезис»', NULL, 'Genesis'),
	(68, 2, 2, 'Вторая Книга Моисея, Называемая «Исход»', NULL, 'Exodus'),
	(69, 2, 3, 'Третья Книга Моисея, Называемая «Левит»', NULL, 'Leviticus'),
	(70, 2, 4, 'Четвертая Книга Моисея, Называемая «Числа»', NULL, 'Numbers'),
	(71, 2, 5, 'Пятая Книга Моисея, Называемая «Второзаконие»', NULL, 'Deuteronomy'),
	(72, 2, 6, 'Книга Иошуа', NULL, 'Joshua'),
	(73, 2, 7, 'Книга Судей', NULL, 'Judges'),
	(74, 2, 8, 'Книга Руфи', NULL, 'Ruth'),
	(75, 2, 9, 'Первая Книга Самуила, Иначе Называемая «Первая Книга Царей»', NULL, '1 Samuel'),
	(76, 2, 10, 'Вторая Книга Самуила, Иначе Называемая «Вторая Книга Царей»', NULL, '2 Samuel'),
	(77, 2, 11, 'Первая Книга Царей, Обычно Называемая «Третья Книга Царей»', NULL, '1 Kings'),
	(78, 2, 12, 'Вторая Книга Царей, Обычно Называемая «Четвертая Книга Царей»', NULL, '2 Kings'),
	(79, 2, 13, 'Первая Книга Хроник', NULL, '1 Chronicles'),
	(80, 2, 14, 'Вторая Книга Хроник', NULL, '2 Chronicles'),
	(81, 2, 15, 'Езра', NULL, 'Ezra'),
	(82, 2, 16, 'Книга Неемии', NULL, 'Nehemiah'),
	(83, 2, 17, 'Книга Есфири', NULL, 'Esther'),
	(84, 2, 18, 'Книга Иова', NULL, 'Job'),
	(85, 2, 19, 'Книга Псалмов', NULL, 'Psalms'),
	(86, 2, 20, 'Притчи', NULL, 'Proverbs'),
	(87, 2, 21, 'Екклесиаст Или «Проповедник»', NULL, 'Ecclesiastes'),
	(88, 2, 22, 'Песнь Соломона', NULL, 'Song of Solomon'),
	(89, 2, 23, 'Книга Пророка Исаии', NULL, 'Isaiah'),
	(90, 2, 24, 'Книга Пророка Иеремии', NULL, 'Jeremiah'),
	(91, 2, 25, 'Плач Иеремии', NULL, 'Lamentations'),
	(92, 2, 26, 'Книга Пророка Иезекииля', NULL, 'Ezekiel'),
	(93, 2, 27, 'Книга Даниила', NULL, 'Daniel'),
	(94, 2, 28, 'Осия', NULL, 'Hosea'),
	(95, 2, 29, 'Иоиль', NULL, 'Joel'),
	(96, 2, 30, 'Амос', NULL, 'Amos'),
	(97, 2, 31, 'Овадия', NULL, 'Obadiah'),
	(98, 2, 32, 'Иона', NULL, 'Jonah'),
	(99, 2, 33, 'Михей', NULL, 'Micah'),
	(100, 2, 34, 'Наум', NULL, 'Nahum'),
	(101, 2, 35, 'Аввакум', NULL, 'Habakkuk'),
	(102, 2, 36, 'Софония', NULL, 'Zephaniah'),
	(103, 2, 37, 'Аггей', NULL, 'Haggai'),
	(104, 2, 38, 'Захария', NULL, 'Zechariah'),
	(105, 2, 39, 'Малахия', NULL, 'Malachi'),
	(106, 2, 40, 'Евангелие Согласно Св. Матфею', NULL, 'Matthew'),
	(107, 2, 41, 'Евангелие Согласно Св. Марку', NULL, 'Mark'),
	(108, 2, 42, 'Евангелие Согласно Св. Луке', NULL, 'Luke'),
	(109, 2, 43, 'Евангелие Согласно Св. Иоанну', NULL, 'John'),
	(110, 2, 44, 'Деяния Апостолов', NULL, 'Acts'),
	(111, 2, 45, 'Послание Апостола Павла К Римлянам', NULL, 'Romans'),
	(112, 2, 46, 'Первое Послание Апостола Павла К Коринфянам', NULL, '1 Corinthians'),
	(113, 2, 47, 'Второе Послание Апостола Павла К Коринфянам', NULL, '2 Corinthians'),
	(114, 2, 48, 'Послание Апостола Павла К Галатам', NULL, 'Galatians'),
	(115, 2, 49, 'Послание Апостола Павла К Эфесянам', NULL, 'Ephesians'),
	(116, 2, 50, 'Послание Апостола Павла К Филиппийцам', NULL, 'Philippians'),
	(117, 2, 51, 'Послание Апостола Павла К Колоссянам', NULL, 'Colossians'),
	(118, 2, 52, 'Первое Послание Апостола Павла К Фессалоникийцам', NULL, '1 Thessalonians'),
	(119, 2, 53, 'Второе Послание Апостола Павла К Фессалоникийцам', NULL, '2 Thessalonians'),
	(120, 2, 54, 'Первое Послание Апостола Павла К Тимофею', NULL, '1 Timothy'),
	(121, 2, 55, 'Второе Послание Апостола Павла К Тимофею', NULL, '2 Timothy'),
	(122, 2, 56, 'Послание Павла К Титу', NULL, 'Titus'),
	(123, 2, 57, 'Послание Павла К Филимону', NULL, 'Philemon'),
	(124, 2, 58, 'Послание Апостола Павла К Евреям', NULL, 'Hebrews'),
	(125, 2, 59, 'Общее Послание Иакова', NULL, 'James'),
	(126, 2, 60, 'Первое Общее Послание Петра', NULL, '1 Peter'),
	(127, 2, 61, 'Второе Общее Послание Петра', NULL, '2 Peter'),
	(128, 2, 62, 'Первое Общее Послание Иоанна', NULL, '1 John'),
	(129, 2, 63, 'Второе Послание Иоанна', NULL, '2 John'),
	(130, 2, 64, 'Третье Послание Иоанна', NULL, '3 John'),
	(131, 2, 65, 'Общее Послание Иуды', NULL, 'Jude'),
	(132, 2, 66, 'Откровение Св. Иоанна Богослова', NULL, 'Revelation'),
	(133, 5, 1, 'Бытие', NULL, 'Gen'),
	(134, 5, 2, 'Исход', NULL, 'Exod'),
	(135, 5, 3, 'Левит', NULL, 'Lev'),
	(136, 5, 4, 'Числа', NULL, 'Num'),
	(137, 5, 5, 'Второзаконие', NULL, 'Deut'),
	(138, 5, 6, 'Иисус Навин', NULL, 'Josh'),
	(139, 5, 7, 'Судьи', NULL, 'Judg'),
	(140, 5, 8, 'Руфь', NULL, 'Ruth'),
	(141, 5, 9, '1 Царств', NULL, '1Sam'),
	(142, 5, 10, '2 Царств', NULL, '2Sam'),
	(143, 5, 11, '3 Царств', NULL, '1Kgs'),
	(144, 5, 13, '1 Паралипоменон', NULL, '1Chr'),
	(145, 5, 14, '2 Паралипоменон', NULL, '2Chr'),
	(146, 5, 15, 'Ездра', NULL, 'Ezra'),
	(147, 5, 16, 'Неемия', NULL, 'Neh'),
	(148, 5, 17, 'Есфирь', NULL, 'Esth'),
	(149, 5, 18, 'Иов', NULL, 'Job'),
	(150, 5, 19, 'Псалтирь', NULL, 'Ps'),
	(151, 5, 20, 'Притчи', NULL, 'Prov'),
	(152, 5, 21, 'Екклесиаст', NULL, 'Eccl'),
	(153, 5, 22, 'Песнь Песней', NULL, 'Song'),
	(154, 5, 23, 'Исаия', NULL, 'Isa'),
	(155, 5, 24, 'Иеремия', NULL, 'Jer'),
	(156, 5, 25, 'Плач Иеремии', NULL, 'Lam'),
	(157, 5, 26, 'Иезекииль', NULL, 'Ezek'),
	(158, 5, 27, 'Даниил', NULL, 'Dan'),
	(159, 5, 28, 'Осия', NULL, 'Hos'),
	(160, 5, 29, 'Иоиль', NULL, 'Joel'),
	(161, 5, 30, 'Амос', NULL, 'Amos'),
	(162, 5, 31, 'Авдий', NULL, 'Obad'),
	(163, 5, 32, 'Иона', NULL, 'Jona'),
	(164, 5, 33, 'Михей', NULL, 'Mic'),
	(165, 5, 34, 'Наум', NULL, 'Nah'),
	(166, 5, 35, 'Аввакум', NULL, 'Hab'),
	(167, 5, 36, 'Софония', NULL, 'Zeph'),
	(168, 5, 37, 'Аггей', NULL, 'Hag'),
	(169, 5, 38, 'Захария', NULL, 'Zech'),
	(170, 5, 39, 'Малахия', NULL, 'Mal'),
	(171, 5, 40, 'Матфей', NULL, 'Matt'),
	(172, 5, 41, 'Марк', NULL, 'Mark'),
	(173, 5, 42, 'Лука', NULL, 'Luke'),
	(174, 5, 43, 'Иоанн', NULL, 'John'),
	(175, 5, 44, 'Деяния', NULL, 'Acts'),
	(176, 5, 45, 'Римлянам', NULL, 'Rom'),
	(177, 5, 46, '1 Коринфянам', NULL, '1Cor'),
	(178, 5, 47, '2 Коринфянам', NULL, '2Cor'),
	(179, 5, 48, 'Галатам', NULL, 'Gal'),
	(180, 5, 49, 'Ефесянам', NULL, 'Eph'),
	(181, 5, 50, 'Филиппийцам', NULL, 'Phil'),
	(182, 5, 51, 'Колоссянам', NULL, 'Col'),
	(183, 5, 52, '1 Фессалоникийцам', NULL, '1Thess'),
	(184, 5, 53, '2 Фессалоникийцам', NULL, '2Thess'),
	(185, 5, 54, '1 Тимофею', NULL, '1Tim'),
	(186, 5, 55, '2 Тимофею', NULL, '2Tim'),
	(187, 5, 56, 'Титу', NULL, 'Titus'),
	(188, 5, 57, 'Филимону', NULL, 'Phlm'),
	(189, 5, 58, 'Евреям', NULL, 'Heb'),
	(190, 5, 59, 'Иакова', NULL, 'Jas'),
	(191, 5, 60, '1 Петра', NULL, '1Pet'),
	(192, 5, 61, '2 Петра', NULL, '2Pet'),
	(193, 5, 62, '1 Иоанна', NULL, '1John'),
	(194, 5, 63, '2 Иоанна', NULL, '2John'),
	(195, 5, 64, '3 Иоанна', NULL, '3John'),
	(196, 5, 65, 'Иуды', NULL, 'Jude'),
	(197, 5, 66, 'Откровение', NULL, 'Rev');

-- Dumping data for table songs.bible_translations: ~3 rows (approximately)
INSERT INTO `bible_translations` (`ID`, `NAME`, `LANG`, `SORT_ORDER`) VALUES
	(1, 'Синодальный', 'ru', 1),
	(2, 'Перевод короля Иакова 2017', 'ru', 2),
	(5, 'Новый Русский Перевод', 'ru', 10);

-- Dumping data for table songs.languages: ~5 rows (approximately)
INSERT INTO `languages` (`code`, `label`, `col_suffix`, `sort_order`, `is_default`) VALUES
	('de', 'DE', '_DE', 4, 0),
	('en', 'EN', '_EN', 3, 0),
	('lt', 'LT', '_LT', 2, 0),
	('pl', 'PL', '_PL', 5, 0),
	('ru', 'RU', '', 1, 1);

-- Dumping data for table songs.list_names: ~8 rows (approximately)
INSERT INTO `list_names` (`LIST_ID`, `LIST_NAME`, `ADDEDBY`) VALUES
	(1, 'Донецк', 1),
	(2, 'Москва', 1),
	(3, 'Вильнюс', 2),
	(4, 'Сольные (Рига)', 1),
	(5, 'Сольные (Вильнюс)', 2),
	(6, 'Вильнюс (RU-LT)', 2),
	(7, 'Сольные (Bieselsberg)', 5),
	(8, 'Vilnius-HGB', 2);

-- Dumping data for table songs.standard_wallpapers: ~3 rows (approximately)
INSERT INTO `standard_wallpapers` (`id`, `name`, `src`, `created_at`) VALUES
	(4, 'Отключите звук (тёмная)', '/tech_media/1/img_69b6f123589236.91230314.jpeg', '2026-03-15 17:49:28'),
	(5, 'Отключите звук (светлая)', '/tech_media/1/img_69b6f13d8396d1.80599001.jpeg', '2026-03-15 17:49:52'),
	(6, 'Заставка, телефоны', '/tech_media/1/img_69d1fbcef06022.80297157.jpg', '2026-04-05 06:06:15');

-- Dumping data for table songs.tech_media_favorites: ~4 rows (approximately)
INSERT INTO `tech_media_favorites` (`id`, `group_id`, `name`, `src`, `media_type`, `sort_order`, `created_at`) VALUES
	(11, 6, 'february.png', '/tech_media/6/img_69b31848d39530.46997008.png', 'image', 2, '2026-03-12 19:47:20'),
	(12, 6, 'YouTube · exxTrdiTVp8', 'https://www.youtube.com/watch?v=exxTrdiTVp8', 'video', 3, '2026-03-12 21:16:36'),
	(42, 6, 'Отключите звук (тёмная)', '/tech_media/1/img_69b6f123589236.91230314.jpeg', 'image', 4, '2026-03-16 13:00:01'),
	(54, 1, 'Заставка, телефоны', '/tech_media/1/img_69d1fbcef06022.80297157.jpg', 'image', 1, '2026-04-05 06:14:43');

-- Dumping data for table songs.user_google_accounts: ~9 rows (approximately)
INSERT INTO `user_google_accounts` (`id`, `user_id`, `google_id`, `google_email`, `google_name`, `linked_at`, `last_used`) VALUES
	(1, 7, '114979345933981650592', 'pavelpetsevitch@gmail.com', 'Pavel Petsevitch', '2026-03-15 16:49:33', '2026-04-25 21:52:23'),
	(2, 7, '116780289806663794627', 'benpecevics@gmail.com', 'Ben Pecevics', '2026-03-15 17:04:56', '2026-04-13 11:27:43'),
	(3, 6, '107534797618978371355', 'kupunn@gmail.com', 'Kyril Petsevitch', '2026-04-06 06:13:37', '2026-04-06 07:59:08'),
	(4, 1, '114498357514506707209', 'worshipmusician003@gmail.com', 'Musician', '2026-04-11 14:30:36', '2026-04-25 06:36:02'),
	(5, 1, '115642811164960864978', 'worshipmusician005@gmail.com', 'Musician', '2026-04-11 14:32:55', '2026-04-25 06:35:15'),
	(6, 1, '104822404260645930947', 'worshipmusician002@gmail.com', 'Musician', '2026-04-11 14:35:37', '2026-04-11 14:35:37'),
	(7, 8, '103601219754049408983', 'worshipmusician004@gmail.com', 'Musician', '2026-04-11 14:36:26', '2026-04-26 07:05:20'),
	(8, 1, '106003016724005568283', 'worshipmusician001@gmail.com', 'Songleader', '2026-04-11 14:38:12', '2026-04-26 06:55:48'),
	(9, 6, '103003585704231377084', 'slem3d@gmail.com', 'Artem Fridrih', '2026-04-12 10:44:06', '2026-04-12 10:57:05');

-- Dumping data for table songs.user_settings: ~6 rows (approximately)
INSERT INTO `user_settings` (`group_id`, `display_name`, `favorites_order`, `available_lists`, `available_languages`, `placeholder_image`, `main_bg_color`, `main_font`, `main_font_color`, `streaming_bg_color`, `streaming_font`, `streaming_font_color`, `streaming_height_percent`, `sermon_notes_bg_color`, `sermon_bible_base_color`, `sermon_msg_base_color`, `sermon_prep_font_size`, `sermon_notes_font_size`, `sermon_scale_chips`, `slide_bg_color`, `main_font_max_size`, `slide_font_max_size`) VALUES
	(1, 'Riga', 'latest_bottom', '1,2,3,4,5', 'ru,en', '/field_small.jpg', '#000000', 'Arial', '#FFFFFF', '#000000', 'Verdana', '#FFFFFF', 25, '#d9d9d9', '#237dd1', '#a52abb', 15, 150, 0, '#f0f0f0', 64, 64),
	(2, 'Vilnius', 'latest_bottom', '8,2,3,5', 'ru,lt,en,pl', '', '#000000', 'Arial', '#FFFFFF', '#000000', 'Arial', '#FFFFFF', 25, '#e8e8e8', '#1565c0', '#6a1b9a', 22, 100, 0, '#050505', 64, 64),
	(3, 'Demo account', 'latest_bottom', '1,2,3,4,5,6', NULL, '', '#000000', 'Arial', '#FFFFFF', '#000000', 'Arial', '#FFFFFF', 100, '#f2f2f2', '#1565c0', '#6a1b9a', 13, 13, 1, '#1a237e', 64, 64),
	(4, 'Vyacheslav Shestakov', 'latest_bottom', '1,2,3,4,5,6', 'ru,de,en', '/field_small.jpg', '#000000', 'Arial', '#FFFFFF', '#000000', 'Arial', '#FFFFFF', 100, '#2b2b2b', '#1565c0', '#6a1b9a', 13, 100, 0, '#1a237e', 64, 64),
	(6, 'Москва', 'latest_bottom', '1,2', NULL, '/field_small.jpg', '#000000', 'Arial', '#FFFFFF', '#000000', 'Arial', '#FFFFFF', 25, '#2b2b2b', '#1565c0', '#6a1b9a', 13, 12, 1, '#1a237e', 64, 64),
	(7, 'Израиль', 'latest_bottom', '1,2,3', NULL, '', '#000000', 'Arial', '#FFFFFF', '#000000', 'Arial', '#FFFFFF', 100, '#2b2b2b', '#1565c0', '#6a1b9a', 13, 24, 0, '#1a237e', 64, 64);

-- Dumping data for table songs.users: ~19 rows (approximately)
INSERT INTO `users` (`ID`, `NAME`, `LOGIN`, `PASS`, `GOOGLE_ID`, `ROLE`, `GROUP_ID`, `LAST_LOGIN`) VALUES
	(1, 'Riga (musician)', 'riga', 'enc:ykKYtLlg35+Vj5QpOMvw78Q6BMIoGNJ+2+TDoBrNhig=', NULL, 'musician', 1, '2026-04-26 07:13:55'),
	(2, 'Vilnius (musician)', 'vilnius', 'enc:jnMU7FRNoQMThinM+SqEKEmKtd+5cHTVIFLjuaZj1U8=', NULL, 'musician', 2, '2026-04-08 15:50:39'),
	(3, 'Demo account', 'demo', 'enc:MERLi8u56pagg+wPIRm1B1CMC+tI7K5pcbgB1FzbtAo=', NULL, 'admin', 3, '2026-04-15 07:17:25'),
	(4, 'Vyacheslav Shestakov', 'Slava', 'enc:f+SZGmJa5mOFU/Geqw1cQw9q2ttEIJK+DIz3dc7wuRY=', NULL, 'admin', 4, '2026-04-25 21:37:21'),
	(5, 'Bieselsberg', 'biesel', 'enc:gythqOXIWBpll5/DnBGrhkL84RPmJSUOwTgq9U3fFJE=', NULL, 'admin', 5, '2026-01-13 22:00:00'),
	(6, 'Riga (pastor)', 'kirill', 'enc:NXQchJ0cfot6BAtZXnfPBx5wKut7JywObTNzhp5LPV4=', NULL, 'preacher', 1, '2026-04-25 13:32:17'),
	(7, 'Riga (administrator)', 'rigaadmin', 'enc:hTJbi9SbBq9RMRL9cE1Ii+2y+hdsma2R4SM3MDNY704=', '114979345933981650592', 'admin', 1, '2026-04-26 07:03:24'),
	(8, 'Riga (leader)', 'rigaleader', 'enc:/280m3czjSjzjVO0QwychKSOqzRNQp1f8pqrnOaqkeY=', NULL, 'leader', 1, '2026-04-26 07:05:20'),
	(9, 'Vilnius (preacher)', 'v_preacher', 'enc:4VWqStkrqUfdt7q4CBh5e0GOL6omCK3KpFGIXe1em60=', NULL, 'preacher', 2, '2026-04-01 14:35:50'),
	(10, 'Vilnius (admin)', 'v_admin', 'enc:r3Z7Hzrj0ckmjwngKFe6vO4NzswDSryrrrqJDOE7Aw4=', NULL, 'admin', 2, '2026-04-21 19:11:27'),
	(11, 'Vilnius (leader)', 'v_leader', 'enc:3vlnBZ+tlipLKUTxWTQWidHUDu5VMLmHHg954SKloqs=', NULL, 'leader', 2, '2026-03-08 22:00:00'),
	(12, 'Москва (админ)', 'm_admin', 'enc:w3kr0z12CamDnq6Eg3KABgo3sIdULsCFQylJYTmr/fc=', NULL, 'admin', 6, '2026-03-16 12:59:55'),
	(13, 'Москва (пастор)', 'm_pastor', 'enc:DB8N337x4xstre7WdiA6bBXNUlYyErZdo+zal5Tg06I=', NULL, 'preacher', 6, '2026-03-11 22:00:00'),
	(14, 'Москва (ведущий)', 'm_leader', 'enc:v7nx3ORL+QPPCQYNtUnFaheTvsXrZuO//kFrxLBUtRE=', NULL, 'leader', 6, '2026-03-11 22:00:00'),
	(15, 'Москва (музыкант)', 'm_musician', 'enc:kUwDTNd95rz+uyfKvNQfBdfmB6a/wSyFtflliZkmDLA=', NULL, 'musician', 6, '2026-03-11 22:00:00'),
	(16, 'Израиль', 'adm_israel', 'enc:8Zzij+b554+JkxH0/zrQvqGMX/M4WF/8zZbcHSD+DXE=', NULL, 'admin', 7, '2026-03-15 01:05:55'),
	(17, 'Riga (technician)', 'riga_tech', 'enc:dXsOkvnQBiLF5Eb2TwPwMaKV/UnvqKT0/ZHaUrUsbF8=', NULL, 'tech', 1, '2026-04-05 09:48:38'),
	(18, 'Vilnius (admin) - Техник', 'vilnius_tech', 'enc:gY9/l/UDlbM8/1HTCLtYHorFPVu52Fvtvd3Ylr5Twr8=', NULL, 'tech', 2, '2026-03-16 21:32:20'),
	(19, 'Riga (экраны)', 'riga_screen', 'enc:e31Fu3rldqEnlEKNRnZJYKzbqJe8XLtHtgLro6+Ok1s=', NULL, 'screen', 1, '2026-04-13 11:45:27');

/*!40103 SET TIME_ZONE=IFNULL(@OLD_TIME_ZONE, 'system') */;
/*!40101 SET SQL_MODE=IFNULL(@OLD_SQL_MODE, '') */;
/*!40014 SET FOREIGN_KEY_CHECKS=IFNULL(@OLD_FOREIGN_KEY_CHECKS, 1) */;
/*!40101 SET CHARACTER_SET_CLIENT=@OLD_CHARACTER_SET_CLIENT */;
/*!40111 SET SQL_NOTES=IFNULL(@OLD_SQL_NOTES, 1) */;
